precision,accuracy,recall,duration
0.6617316395953848,0.707301257943198,0.6026298336140012,7544.434553146362
