precision,accuracy,recall,duration
0.6125394298358554,0.9408888888888889,0.5438590496367752,1851.6251668930054
