best_model_train_loss,best_model_val_loss,best_model_train_acc,best_model_val_acc,best_model_learning_rate,best_model_nb_epoch
0.0752067044377327,0.23660512268543243,0.972000002861023,0.9408888816833496,0.0010000000474974513,4453
