precision,accuracy,recall,duration
0.7114945380975441,0.936,0.5723468697506235,1693.976401090622
