precision,accuracy,recall,duration
0.539204252816347,0.5863052781740371,0.5145001738702243,7953.235639095306
