precision,accuracy,recall,duration
0.9092888270558431,0.9090909090909091,0.8811939268461008,869.8781456947327
