precision,accuracy,recall,duration
0.6106519742883378,0.7338129496402878,0.5662087912087912,1230.7366273403168
