precision,accuracy,recall,duration
0.7420285477482429,0.9422222222222222,0.6004383574139768,2174.945595264435
