precision,accuracy,recall,duration
0.7053773845532658,0.9362222222222222,0.5846448348941535,2182.012707710266
