precision,accuracy,recall,duration
0.5178571428571428,0.7266187050359713,0.504532967032967,379.0135226249695
