precision,accuracy,recall,duration
0.6760540423903721,0.7030216573725846,0.6178453634344552,9502.140445947647
