precision,accuracy,recall,duration
0.37037037037037035,0.7194244604316546,0.4807692307692308,443.52242279052734
