precision,accuracy,recall,duration
0.9875033413525794,0.9834710743801653,0.9851778656126483,814.1926267147064
