precision,accuracy,recall,duration
0.9160851122058018,0.9173553719008265,0.8872545329067067,857.0419890880585
