precision,accuracy,recall,duration
0.5744565217391304,0.7050359712230215,0.556456043956044,1235.2755415439606
