precision,accuracy,recall,duration
0.7001945499252498,0.7253274542860848,0.6472698882945507,9506.264756917953
