precision,accuracy,recall,duration
0.5291998936735779,0.5206611570247934,0.5297358287847418,324.8395142555237
