precision,accuracy,recall,duration
0.5400375801615833,0.5857865387109324,0.5134489285696177,7789.204665184021
