precision,accuracy,recall,duration
0.6071435077148246,0.94,0.545340393248334,1855.8223447799683
