precision,accuracy,recall,duration
0.6611140621181264,0.936,0.5391340568531949,1606.6664326190948
